month,total_m2,month_label
1,3903105034.86969,Jan
2,3384701458.33277,Feb
3,4356800804.07552,Mar
4,5923562874.26166,Apr
5,6476178357.62802,May
6,7060264767.20567,Jun
7,8554328278.98703,Jul
8,9514827074.51364,Aug
9,6633644490.02976,Sep
10,5504356338.69465,Oct
11,5282570603.91466,Nov
12,4210419131.15283,Dec
