month,total_m2,month_label
1,1125179965.32647,Jan
2,965425982.217909,Feb
3,1250544733.34084,Mar
4,1842306908.78531,Apr
5,1913194352.71151,May
6,2271106439.88791,Jun
7,2470041008.74583,Jul
8,2700419417.93871,Aug
9,2143205320.50279,Sep
10,1564876816.08931,Oct
11,1670090810.43323,Nov
12,1259597027.71827,Dec
